variable,source,block,missing_rate
CaseID,female_respondent,id_design,0.0
RSCRAGE,female_respondent,demographics_social,0.0
RSCRHISP,female_respondent,demographics_social,0.0
RSCRRACE,female_respondent,demographics_social,0.0
AGE_R,female_respondent,demographics_social,0.0
AGESCRN,female_respondent,demographics_social,0.0
HISP,female_respondent,demographics_social,0.0
HISPGRP,female_respondent,demographics_social,0.78
NUMCHILD,female_respondent,reproductive_timing,0.0
HHKIDS18,female_respondent,reproductive_timing,0.0
NONBIOKIDS,female_respondent,reproductive_timing,0.0
MARSTAT,female_respondent,partnership_marriage,0.0
LMARSTAT,female_respondent,partnership_marriage,0.3759
RMARIT,female_respondent,partnership_marriage,0.0
EVRMARRY,female_respondent,partnership_marriage,0.0
SSMARCOH,female_respondent,partnership_marriage,0.0
MANREL,female_respondent,partnership_marriage,0.5421
PARMARR,female_respondent,partnership_marriage,0.0
FOSTEREV,female_respondent,contraception_sexual,0.0
MNYFSTER,female_respondent,contraception_sexual,0.9687
DURFSTER,female_respondent,contraception_sexual,0.9687
AGEFSTER,female_respondent,demographics_social,0.9687
MARSTATB,female_respondent,partnership_marriage,0.9928
EVCOHABB,female_respondent,partnership_marriage,0.9857
FMARIT,female_respondent,partnership_marriage,0.0
MENARCHE,female_respondent,reproductive_timing,0.0
CURRPREG,female_respondent,reproductive_timing,0.0
LASTPREG,female_respondent,reproductive_timing,0.4493
BIRTH1,female_respondent,reproductive_timing,0.4569
OTHERKID,female_respondent,reproductive_timing,0.0712
NOTHRKID,female_respondent,reproductive_timing,0.9166
NBKIDLIV,female_respondent,reproductive_timing,0.9191
NBKIDSEX_01,female_respondent,reproductive_timing,0.9647
NBKIDREL_01,female_respondent,reproductive_timing,0.9647
NBKDAGE_01,female_respondent,demographics_social,0.9647
TRYADOPT_01,female_respondent,fertility_services_art,0.993
NBKIDFOS_01,female_respondent,reproductive_timing,0.9819
NBKIDSEX_02,female_respondent,reproductive_timing,0.988
NBKIDREL_02,female_respondent,reproductive_timing,0.988
NBKDAGE_02,female_respondent,demographics_social,0.988
NBKIDFOS_02,female_respondent,reproductive_timing,0.9925
EVERADOPT,female_respondent,fertility_services_art,0.0712
BD_ADOPT,female_respondent,fertility_services_art,0.0712
CONTAGEM,female_respondent,demographics_social,0.9876
EVCONTAG,female_respondent,contraception_sexual,0.7077
HRDEMBRYO,female_respondent,fertility_services_art,0.0712
SRCEMBRYO_1,female_respondent,fertility_services_art,0.3928
SRCEMBRYO_2,female_respondent,fertility_services_art,0.7807
SRCEMBRYO_3,female_respondent,fertility_services_art,0.9151
SRCEMBRYO_4,female_respondent,fertility_services_art,0.9705
FMARRDATE_Y,female_respondent,partnership_marriage,0.9928
HERAGEFM,female_respondent,demographics_social,0.9928
HERAGEF,female_respondent,demographics_social,0.9868
WILLMARRF,female_respondent,partnership_marriage,0.9928
CFSPEDUCN,female_respondent,demographics_social,0.9857
CFSPMARBF,female_respondent,partnership_marriage,0.9857
SSKIDTOG,female_respondent,reproductive_timing,0.9857
WHMARHX_Y_1,female_respondent,partnership_marriage,0.5405
HXAGEMAR_1,female_respondent,demographics_social,0.5405
ENGAGHX_1,female_respondent,partnership_marriage,0.7035
CHEDMARN_1,female_respondent,partnership_marriage,0.5412
MARBEFHX_1,female_respondent,partnership_marriage,0.5412
KIDSHX_1,female_respondent,reproductive_timing,0.5412
KIDLIVHX_1,female_respondent,reproductive_timing,0.939
BIOHUSBX_1,female_respondent,partnership_marriage,0.8289
MARENDHX_1,female_respondent,partnership_marriage,0.8827
ENDMARRX_Y_1,female_respondent,partnership_marriage,0.8831
WHMARHX_Y_2,female_respondent,partnership_marriage,0.9418
HXAGEMAR_2,female_respondent,demographics_social,0.9418
ENGAGHX_2,female_respondent,partnership_marriage,0.9536
CHEDMARN_2,female_respondent,partnership_marriage,0.9604
MARBEFHX_2,female_respondent,partnership_marriage,0.9418
KIDSHX_2,female_respondent,reproductive_timing,0.9418
KIDLIVHX_2,female_respondent,reproductive_timing,0.9724
BIOHUSBX_2,female_respondent,partnership_marriage,0.9493
MARENDHX_2,female_respondent,partnership_marriage,0.9817
ENDMARRX_Y_2,female_respondent,partnership_marriage,0.9819
WHMARHX_Y_3,female_respondent,partnership_marriage,0.9909
HXAGEMAR_3,female_respondent,demographics_social,0.9909
ENGAGHX_3,female_respondent,partnership_marriage,0.993
CHEDMARN_3,female_respondent,partnership_marriage,0.9928
MARBEFHX_3,female_respondent,partnership_marriage,0.9909
KIDSHX_3,female_respondent,reproductive_timing,0.9909
KIDLIVHX_3,female_respondent,reproductive_timing,0.995
BIOHUSBX_3,female_respondent,partnership_marriage,0.9921
CMMARRCH,female_respondent,partnership_marriage,0.6305
PREVHUSB,female_respondent,partnership_marriage,0.0
CPHERAGE,female_respondent,demographics_social,0.8878
CPHISAGE,female_respondent,demographics_social,0.8878
CPENGAG1,female_respondent,partnership_marriage,0.8878
WILLMARR,female_respondent,partnership_marriage,0.8878
CPEDUC,female_respondent,demographics_social,0.8878
CPMARBEF,female_respondent,partnership_marriage,0.8878
CPKIDS,female_respondent,reproductive_timing,0.8878
CPKIDLIV,female_respondent,reproductive_timing,0.9706
EVRCOHAB,female_respondent,partnership_marriage,0.0
HERAGEC1,female_respondent,demographics_social,0.7977
HISAGEC1,female_respondent,demographics_social,0.7977
ENGAG1C1,female_respondent,partnership_marriage,0.7977
MAREVC1,female_respondent,partnership_marriage,0.7977
C1KIDS,female_respondent,reproductive_timing,0.7977
EVERSEX,female_respondent,contraception_sexual,0.7087
RHADSEX,female_respondent,contraception_sexual,0.0
YNOSEX,female_respondent,contraception_sexual,0.8278
LSTSEXFP_M,female_respondent,contraception_sexual,0.1847
LSTSEXFP_Y,female_respondent,contraception_sexual,0.2802
CMLSEXFP,female_respondent,contraception_sexual,0.1847
FPEDUC,female_respondent,demographics_social,0.9586
PTSB4MAR,female_respondent,partnership_marriage,0.5487
P1YLSEX_M,female_respondent,contraception_sexual,0.4003
P1YLSEX_Y,female_respondent,contraception_sexual,0.4003
CMLSEX1,female_respondent,contraception_sexual,0.3255
P1YLSEX_M2,female_respondent,contraception_sexual,0.92
P1YLSEX_Y2,female_respondent,contraception_sexual,0.92
CMLSEX2,female_respondent,contraception_sexual,0.9162
P1YLSEX_M3,female_respondent,contraception_sexual,0.9628
P1YLSEX_Y3,female_respondent,contraception_sexual,0.9628
CMLSEX3,female_respondent,contraception_sexual,0.9617
P1YRAGE,female_respondent,demographics_social,0.4058
P1YHSAGE,female_respondent,demographics_social,0.4082
P1YFSEX_M,female_respondent,contraception_sexual,0.4058
P1YFSEX_Y,female_respondent,contraception_sexual,0.4245
CMFSEX,female_respondent,contraception_sexual,0.4058
CMFSEXTOT,female_respondent,contraception_sexual,0.4058
P1YEDUC,female_respondent,demographics_social,0.8485
P1YRAGE2,female_respondent,demographics_social,0.92
P1YHSAGE2,female_respondent,demographics_social,0.92
P1YFSEX_M2,female_respondent,contraception_sexual,0.92
P1YFSEX_Y2,female_respondent,contraception_sexual,0.9289
CMFSEX2,female_respondent,contraception_sexual,0.92
CMFSEXTOT2,female_respondent,contraception_sexual,0.92
P1YEDUC2,female_respondent,demographics_social,0.9891
P1YRAGE3,female_respondent,demographics_social,0.9628
P1YHSAGE3,female_respondent,demographics_social,0.9628
P1YFSEX_M3,female_respondent,contraception_sexual,0.9628
P1YFSEX_Y3,female_respondent,contraception_sexual,0.9678
CMFSEX3,female_respondent,contraception_sexual,0.9628
CMFSEXTOT3,female_respondent,contraception_sexual,0.9628
OTHSTER,female_respondent,contraception_sexual,0.9896
ANYFSTER,female_respondent,contraception_sexual,0.0
PREGNONO,female_respondent,reproductive_timing,0.1176
TRYPREG12,female_respondent,reproductive_timing,0.2873
PILL,female_respondent,contraception_sexual,0.0002
MORNPILL,female_respondent,contraception_sexual,0.1849
IUD,female_respondent,contraception_sexual,0.0002
EVIUDTYP1,female_respondent,contraception_sexual,0.7988
EVIUDTYP2,female_respondent,contraception_sexual,0.9873
EVCIUDEC,female_respondent,contraception_sexual,0.9407
OTHRMETH01,female_respondent,contraception_sexual,0.0002
OTHRMETH02,female_respondent,contraception_sexual,0.9773
OTHRMETH03,female_respondent,contraception_sexual,0.9928
METHDISS,female_respondent,contraception_sexual,0.1366
METHSTOP01,female_respondent,contraception_sexual,0.7114
METHSTOP02,female_respondent,contraception_sexual,0.8758
METHSTOP03,female_respondent,contraception_sexual,0.9531
METHSTOP04,female_respondent,contraception_sexual,0.9805
METHSTOP05,female_respondent,contraception_sexual,0.9934
WHENPILL,female_respondent,contraception_sexual,0.8192
REASPILL01,female_respondent,contraception_sexual,0.8192
REASPILL02,female_respondent,contraception_sexual,0.9177
REASPILL03,female_respondent,contraception_sexual,0.9694
REASPILL04,female_respondent,contraception_sexual,0.9905
WHENIUD,female_respondent,contraception_sexual,0.9529
TYPEIUD_1,female_respondent,contraception_sexual,0.9529
REASIUD01,female_respondent,contraception_sexual,0.9529
REASIUD02,female_respondent,contraception_sexual,0.9787
REASIUD03,female_respondent,contraception_sexual,0.9912
FIRSMETH1,female_respondent,contraception_sexual,0.1475
FIRSMETH2,female_respondent,contraception_sexual,0.7732
FIRSMETH3,female_respondent,contraception_sexual,0.9307
FIRSMETH4,female_respondent,contraception_sexual,0.9769
AGEFSTUS,female_respondent,demographics_social,0.9735
CURRMETH1,female_respondent,contraception_sexual,0.1509
CURRMETH2,female_respondent,contraception_sexual,0.8745
CURRMETH3,female_respondent,contraception_sexual,0.9697
CURRMETH4,female_respondent,contraception_sexual,0.9932
LSTMONMETH1,female_respondent,contraception_sexual,0.1509
LSTMONMETH2,female_respondent,contraception_sexual,0.8625
LSTMONMETH3,female_respondent,contraception_sexual,0.964
LSTMONMETH4,female_respondent,contraception_sexual,0.9914
PILL_12,female_respondent,contraception_sexual,0.1475
IUD_12,female_respondent,contraception_sexual,0.1475
MPILL_12,female_respondent,contraception_sexual,0.1475
METHX1,female_respondent,contraception_sexual,0.2256
METHX2,female_respondent,contraception_sexual,0.8729
METHX3,female_respondent,contraception_sexual,0.9681
METHX4,female_respondent,contraception_sexual,0.9916
METHX5,female_respondent,contraception_sexual,0.224
METHX6,female_respondent,contraception_sexual,0.8806
METHX7,female_respondent,contraception_sexual,0.9714
METHX8,female_respondent,contraception_sexual,0.9939
METHX9,female_respondent,contraception_sexual,0.2223
METHX10,female_respondent,contraception_sexual,0.881
METHX11,female_respondent,contraception_sexual,0.9714
METHX12,female_respondent,contraception_sexual,0.9941
METHX13,female_respondent,contraception_sexual,0.2202
METHX14,female_respondent,contraception_sexual,0.8844
METHX15,female_respondent,contraception_sexual,0.9723
METHX16,female_respondent,contraception_sexual,0.9946
METHX17,female_respondent,contraception_sexual,0.2175
METHX18,female_respondent,contraception_sexual,0.8811
METHX19,female_respondent,contraception_sexual,0.9717
METHX20,female_respondent,contraception_sexual,0.9941
METHX21,female_respondent,contraception_sexual,0.215
METHX22,female_respondent,contraception_sexual,0.8811
METHX23,female_respondent,contraception_sexual,0.9728
METHX24,female_respondent,contraception_sexual,0.9941
METHX25,female_respondent,contraception_sexual,0.2125
METHX26,female_respondent,contraception_sexual,0.8799
METHX27,female_respondent,contraception_sexual,0.9715
METHX28,female_respondent,contraception_sexual,0.9939
METHX29,female_respondent,contraception_sexual,0.2109
METHX30,female_respondent,contraception_sexual,0.8824
METHX31,female_respondent,contraception_sexual,0.973
METHX32,female_respondent,contraception_sexual,0.9937
METHX33,female_respondent,contraception_sexual,0.2093
METHX34,female_respondent,contraception_sexual,0.8801
METHX35,female_respondent,contraception_sexual,0.9726
METHX36,female_respondent,contraception_sexual,0.9932
METHX37,female_respondent,contraception_sexual,0.2075
METHX38,female_respondent,contraception_sexual,0.8806
METHX39,female_respondent,contraception_sexual,0.9724
METHX40,female_respondent,contraception_sexual,0.9936
METHX41,female_respondent,contraception_sexual,0.2057
METHX42,female_respondent,contraception_sexual,0.8795
METHX43,female_respondent,contraception_sexual,0.9712
METHX44,female_respondent,contraception_sexual,0.9928
METHX45,female_respondent,contraception_sexual,0.2048
METHX46,female_respondent,contraception_sexual,0.8792
METHX47,female_respondent,contraception_sexual,0.9708
METHX48,female_respondent,contraception_sexual,0.9936
METHX49,female_respondent,contraception_sexual,0.2034
METHX50,female_respondent,contraception_sexual,0.8786
METHX51,female_respondent,contraception_sexual,0.969
METHX52,female_respondent,contraception_sexual,0.9932
METHX53,female_respondent,contraception_sexual,0.2021
METHX54,female_respondent,contraception_sexual,0.8826
METHX55,female_respondent,contraception_sexual,0.9719
METHX56,female_respondent,contraception_sexual,0.9943
METHX57,female_respondent,contraception_sexual,0.2014
METHX58,female_respondent,contraception_sexual,0.8815
METHX59,female_respondent,contraception_sexual,0.9715
METHX60,female_respondent,contraception_sexual,0.9945
METHX61,female_respondent,contraception_sexual,0.1987
METHX62,female_respondent,contraception_sexual,0.8829
METHX63,female_respondent,contraception_sexual,0.9714
METHX64,female_respondent,contraception_sexual,0.9941
METHX65,female_respondent,contraception_sexual,0.1976
METHX66,female_respondent,contraception_sexual,0.8836
METHX67,female_respondent,contraception_sexual,0.9714
METHX68,female_respondent,contraception_sexual,0.9941
METHX69,female_respondent,contraception_sexual,0.1944
METHX70,female_respondent,contraception_sexual,0.8806
METHX71,female_respondent,contraception_sexual,0.971
METHX72,female_respondent,contraception_sexual,0.9932
METHX73,female_respondent,contraception_sexual,0.1924
METHX74,female_respondent,contraception_sexual,0.877
METHX75,female_respondent,contraception_sexual,0.9699
METHX76,female_respondent,contraception_sexual,0.9943
METHX77,female_respondent,contraception_sexual,0.191
METHX78,female_respondent,contraception_sexual,0.879
METHX79,female_respondent,contraception_sexual,0.9687
METHX80,female_respondent,contraception_sexual,0.9927
METHX81,female_respondent,contraception_sexual,0.1898
METHX82,female_respondent,contraception_sexual,0.8795
METHX83,female_respondent,contraception_sexual,0.9687
METHX84,female_respondent,contraception_sexual,0.9932
METHX85,female_respondent,contraception_sexual,0.188
METHX86,female_respondent,contraception_sexual,0.8793
METHX87,female_respondent,contraception_sexual,0.969
METHX88,female_respondent,contraception_sexual,0.9919
METHX89,female_respondent,contraception_sexual,0.1869
METHX90,female_respondent,contraception_sexual,0.8774
METHX91,female_respondent,contraception_sexual,0.9701
METHX92,female_respondent,contraception_sexual,0.9936
METHX93,female_respondent,contraception_sexual,0.1846
METHX94,female_respondent,contraception_sexual,0.8781
METHX95,female_respondent,contraception_sexual,0.9714
METHX96,female_respondent,contraception_sexual,0.9934
METHX97,female_respondent,contraception_sexual,0.1824
METHX98,female_respondent,contraception_sexual,0.8793
METHX99,female_respondent,contraception_sexual,0.9715
METHX100,female_respondent,contraception_sexual,0.9928
METHX101,female_respondent,contraception_sexual,0.1812
METHX102,female_respondent,contraception_sexual,0.8801
METHX103,female_respondent,contraception_sexual,0.9717
METHX104,female_respondent,contraception_sexual,0.9932
METHX105,female_respondent,contraception_sexual,0.1799
METHX106,female_respondent,contraception_sexual,0.8808
METHX107,female_respondent,contraception_sexual,0.9719
METHX108,female_respondent,contraception_sexual,0.9923
METHX109,female_respondent,contraception_sexual,0.177
METHX110,female_respondent,contraception_sexual,0.8811
METHX111,female_respondent,contraception_sexual,0.9723
METHX112,female_respondent,contraception_sexual,0.9927
METHX113,female_respondent,contraception_sexual,0.1751
METHX114,female_respondent,contraception_sexual,0.881
METHX115,female_respondent,contraception_sexual,0.969
METHX116,female_respondent,contraception_sexual,0.993
METHX117,female_respondent,contraception_sexual,0.1738
METHX118,female_respondent,contraception_sexual,0.8784
METHX119,female_respondent,contraception_sexual,0.9697
METHX120,female_respondent,contraception_sexual,0.9925
METHX121,female_respondent,contraception_sexual,0.1717
METHX122,female_respondent,contraception_sexual,0.8802
METHX123,female_respondent,contraception_sexual,0.9706
METHX124,female_respondent,contraception_sexual,0.9925
METHX125,female_respondent,contraception_sexual,0.1681
METHX126,female_respondent,contraception_sexual,0.8806
METHX127,female_respondent,contraception_sexual,0.9717
METHX128,female_respondent,contraception_sexual,0.9927
METHX129,female_respondent,contraception_sexual,0.166
METHX130,female_respondent,contraception_sexual,0.8801
METHX131,female_respondent,contraception_sexual,0.9714
METHX132,female_respondent,contraception_sexual,0.9936
METHX133,female_respondent,contraception_sexual,0.1629
METHX134,female_respondent,contraception_sexual,0.8749
METHX135,female_respondent,contraception_sexual,0.9715
METHX136,female_respondent,contraception_sexual,0.993
METHX137,female_respondent,contraception_sexual,0.1613
METHX138,female_respondent,contraception_sexual,0.8763
METHX139,female_respondent,contraception_sexual,0.9692
METHX140,female_respondent,contraception_sexual,0.9927
METHX141,female_respondent,contraception_sexual,0.1597
METHX142,female_respondent,contraception_sexual,0.8736
METHX143,female_respondent,contraception_sexual,0.9685
METHX144,female_respondent,contraception_sexual,0.9927
METHX145,female_respondent,contraception_sexual,0.1572
METHX146,female_respondent,contraception_sexual,0.8636
METHX147,female_respondent,contraception_sexual,0.9653
METHX148,female_respondent,contraception_sexual,0.9916
METHX149,female_respondent,contraception_sexual,0.2571
METHX150,female_respondent,contraception_sexual,0.8847
METHX151,female_respondent,contraception_sexual,0.9717
METHX152,female_respondent,contraception_sexual,0.9937
METHX153,female_respondent,contraception_sexual,0.3029
METHX154,female_respondent,contraception_sexual,0.8906
METHX155,female_respondent,contraception_sexual,0.9735
METHX156,female_respondent,contraception_sexual,0.9943
METHX157,female_respondent,contraception_sexual,0.3276
METHX158,female_respondent,contraception_sexual,0.8989
METHX159,female_respondent,contraception_sexual,0.976
METHX160,female_respondent,contraception_sexual,0.9948
METHX161,female_respondent,contraception_sexual,0.4635
METHX162,female_respondent,contraception_sexual,0.9193
METHX163,female_respondent,contraception_sexual,0.9823
METHX164,female_respondent,contraception_sexual,0.9946
METHX165,female_respondent,contraception_sexual,0.5043
METHX166,female_respondent,contraception_sexual,0.9227
METHX167,female_respondent,contraception_sexual,0.983
METHX169,female_respondent,contraception_sexual,0.5752
METHX170,female_respondent,contraception_sexual,0.9338
METHX171,female_respondent,contraception_sexual,0.9846
METHX173,female_respondent,contraception_sexual,0.6856
METHX174,female_respondent,contraception_sexual,0.9501
METHX175,female_respondent,contraception_sexual,0.9878
METHX177,female_respondent,contraception_sexual,0.7338
METHX178,female_respondent,contraception_sexual,0.957
METHX179,female_respondent,contraception_sexual,0.9889
METHX181,female_respondent,contraception_sexual,0.8443
METHX182,female_respondent,contraception_sexual,0.9739
METHX183,female_respondent,contraception_sexual,0.9934
METHX185,female_respondent,contraception_sexual,0.9305
METHX186,female_respondent,contraception_sexual,0.9893
METHX189,female_respondent,contraception_sexual,0.9651
METHX190,female_respondent,contraception_sexual,0.9941
HPPREGQ,female_respondent,reproductive_timing,0.8355
YUSEPILL1,female_respondent,contraception_sexual,0.8584
YUSEPILL2,female_respondent,contraception_sexual,0.9298
YUSEPILL3,female_respondent,contraception_sexual,0.9567
YUSEPILL4,female_respondent,contraception_sexual,0.978
YUSEPILL5,female_respondent,contraception_sexual,0.9941
IUDTYPE,female_respondent,contraception_sexual,0.9005
YUSEIUD1,female_respondent,contraception_sexual,0.9014
YUSEIUD2,female_respondent,contraception_sexual,0.9631
YUSEIUD3,female_respondent,contraception_sexual,0.9792
YUSEIUD4,female_respondent,contraception_sexual,0.9896
EKMETHOD,female_respondent,contraception_sexual,0.7093
NUMPILLS,female_respondent,contraception_sexual,0.8681
CURBCINS,female_respondent,demographics_social,0.9787
NOUSEINS1,female_respondent,demographics_social,0.9894
MISSPILL,female_respondent,contraception_sexual,0.8895
STEROP12,female_respondent,contraception_sexual,0.0002
PARTUM12,female_respondent,partnership_marriage,0.9441
IDCLINIC,female_respondent,fertility_services_art,0.3435
AGEFPAP,female_respondent,demographics_social,0.2111
AGEFPAP2,female_respondent,demographics_social,0.9526
AGEFPEL,female_respondent,demographics_social,0.2268
AGEPEL2,female_respondent,demographics_social,0.9511
AGEFHPV,female_respondent,demographics_social,0.5693
AGEFHPV2,female_respondent,demographics_social,0.9644
ASKSMOKE,female_respondent,health_behavior,0.0002
ASKPREG,female_respondent,reproductive_timing,0.0002
INSEM12M,female_respondent,demographics_social,0.9823
INSCOVPG,female_respondent,demographics_social,0.9049
DIABETES,female_respondent,health_behavior,0.0002
GESTDIAB,female_respondent,health_behavior,0.9434
UFTREAT_1,female_respondent,fertility_services_art,0.9311
UFTREAT_2,female_respondent,fertility_services_art,0.9758
UFTREAT_3,female_respondent,fertility_services_art,0.9884
UFTREAT_4,female_respondent,fertility_services_art,0.9946
ENDOTREAT_1,female_respondent,fertility_services_art,0.9474
ENDOTREAT_2,female_respondent,fertility_services_art,0.9712
ENDOTREAT_3,female_respondent,fertility_services_art,0.9821
ENDOTREAT_4,female_respondent,fertility_services_art,0.9925
MENSEXP_1,female_respondent,contraception_sexual,0.0095
MENSEXP_2,female_respondent,contraception_sexual,0.9119
MENSEXP_3,female_respondent,contraception_sexual,0.9765
MENSBCAGE,female_respondent,demographics_social,0.7551
AGEPELPAIN,female_respondent,demographics_social,0.5405
AGECANCER,female_respondent,demographics_social,0.9703
AGEMAMMR,female_respondent,demographics_social,0.7155
PREGHIV,female_respondent,reproductive_timing,0.9273
PARINSUR,female_respondent,demographics_social,0.9057
BMIcat,female_respondent,health_behavior,0.16
SMK100,female_respondent,health_behavior,0.0038
AGESMK,female_respondent,demographics_social,0.8029
SMOKE30,female_respondent,health_behavior,0.8029
VAGSEX,female_respondent,contraception_sexual,0.9286
AGEVAGR,female_respondent,demographics_social,0.9696
J_HADSEX,female_respondent,contraception_sexual,0.0004
ANALSEX,female_respondent,contraception_sexual,0.0064
OPPSEXANY,female_respondent,contraception_sexual,0.0098
OPPSEXGEN,female_respondent,contraception_sexual,0.01
CONDSEXL,female_respondent,contraception_sexual,0.7922
BISEXPRT,female_respondent,contraception_sexual,0.2737
FEMSEX,female_respondent,contraception_sexual,0.1547
SAMESEXANY,female_respondent,contraception_sexual,0.0306
SAMESEX1,female_respondent,contraception_sexual,0.823
FEMMARRN,female_respondent,partnership_marriage,0.9907
GENWARTS,female_respondent,fertility_services_art,0.0125
SEXABUSE,female_respondent,contraception_sexual,0.0865
RACEDESCRIM,female_respondent,demographics_social,0.0154
AGER,female_respondent,demographics_social,0.0
FMARITAL,female_respondent,partnership_marriage,0.0
RMARITAL,female_respondent,partnership_marriage,0.0
HIEDUC,female_respondent,demographics_social,0.0
HIEDUC_I,female_respondent,demographics_social,0.0
HISPANIC,female_respondent,demographics_social,0.0
HISPANIC_I,female_respondent,demographics_social,0.0
HISPRACE2,female_respondent,demographics_social,0.0
HISPRACE2_I,female_respondent,demographics_social,0.0
HHPARTYP,female_respondent,partnership_marriage,0.0
HHKIDTYP,female_respondent,reproductive_timing,0.0
PARAGE14,female_respondent,demographics_social,0.0
PARAGE14_I,female_respondent,demographics_social,0.0
EDUCMOM,female_respondent,demographics_social,0.0
EDUCMOM_I,female_respondent,demographics_social,0.0
AGEMOMB1,female_respondent,demographics_social,0.0
AGEMOMB1_I,female_respondent,demographics_social,0.0
PREGNUM,female_respondent,reproductive_timing,0.0
PREGNUM_I,female_respondent,reproductive_timing,0.0
COMPREG,female_respondent,reproductive_timing,0.0
LBPREGS,female_respondent,reproductive_timing,0.4569
PARITY,female_respondent,reproductive_timing,0.0
BIRTHS5,female_respondent,reproductive_timing,0.4569
AGEPRG1,female_respondent,demographics_social,0.4569
AGEPRG2,female_respondent,demographics_social,0.5967
AGEPRG3,female_respondent,demographics_social,0.7589
AGEPRG4,female_respondent,demographics_social,0.8734
AGEPRG5,female_respondent,demographics_social,0.9352
AGEPRG6,female_respondent,demographics_social,0.9651
AGEPRG7,female_respondent,demographics_social,0.9841
AGEPRG8,female_respondent,demographics_social,0.9928
AGECON1,female_respondent,demographics_social,0.4493
AGECON2,female_respondent,demographics_social,0.5879
AGECON3,female_respondent,demographics_social,0.7956
AGECON4,female_respondent,demographics_social,0.8922
AGECON5,female_respondent,demographics_social,0.9472
AGECON6,female_respondent,demographics_social,0.9717
AGECON7,female_respondent,demographics_social,0.9869
AGECON8,female_respondent,demographics_social,0.9948
agebaby1,female_respondent,demographics_social,0.5072
FMARNO,female_respondent,partnership_marriage,0.0
MARDAT01,female_respondent,partnership_marriage,0.5414
MARDAT01_I,female_respondent,partnership_marriage,0.0
MARDAT02,female_respondent,partnership_marriage,0.9418
MARDAT02_I,female_respondent,partnership_marriage,0.0
MAREND01,female_respondent,partnership_marriage,0.867
MAREND01_I,female_respondent,partnership_marriage,0.0
MAREND02,female_respondent,partnership_marriage,0.9776
MAREND02_I,female_respondent,partnership_marriage,0.0
MARDIS01,female_respondent,partnership_marriage,0.867
MARDIS01_I,female_respondent,partnership_marriage,0.0
MARDIS02,female_respondent,partnership_marriage,0.9776
MARDIS02_I,female_respondent,partnership_marriage,0.0
FMAR1AGE,female_respondent,demographics_social,0.5414
FMAR1AGE_I,female_respondent,demographics_social,0.0
fmar2age,female_respondent,demographics_social,0.9418
AGEDISS1,female_respondent,demographics_social,0.867
AGEDISS1_I,female_respondent,demographics_social,0.0
AGEDD1,female_respondent,demographics_social,0.8822
AGEDD1_I,female_respondent,demographics_social,0.0
mar1diss,female_respondent,partnership_marriage,0.5414
mar1bir1,female_respondent,partnership_marriage,0.3965
mar1con1,female_respondent,partnership_marriage,0.3645
con1mar1,female_respondent,partnership_marriage,0.3645
b1premar,female_respondent,partnership_marriage,0.5072
COHAB1,female_respondent,partnership_marriage,0.4814
COHAB1_I,female_respondent,partnership_marriage,0.0
HADSEX,female_respondent,contraception_sexual,0.0
SEXONCE,female_respondent,contraception_sexual,0.1847
SEXONCE_I,female_respondent,contraception_sexual,0.0
sexmar,female_respondent,partnership_marriage,0.1847
sexunion,female_respondent,contraception_sexual,0.1847
LSEXDATE,female_respondent,contraception_sexual,0.1847
LSEXDATE_I,female_respondent,contraception_sexual,0.0
lsexrage,female_respondent,demographics_social,0.1847
lsexpreg,female_respondent,reproductive_timing,0.3251
sex3mo,female_respondent,contraception_sexual,0.1847
PARTS1YR,female_respondent,partnership_marriage,0.1847
PARTS1YR_I,female_respondent,partnership_marriage,0.0
PARTDUR1,female_respondent,partnership_marriage,0.1847
PARTDUR2,female_respondent,partnership_marriage,0.9105
PARTDUR3,female_respondent,partnership_marriage,0.956
PARTDUR1_I,female_respondent,partnership_marriage,0.0
PARTDUR2_I,female_respondent,partnership_marriage,0.0
PARTDUR3_I,female_respondent,partnership_marriage,0.0
RELATP1,female_respondent,partnership_marriage,0.3253
RELATP2,female_respondent,partnership_marriage,0.918
RELATP3,female_respondent,partnership_marriage,0.962
RELATP1_I,female_respondent,partnership_marriage,0.0
RELATP2_I,female_respondent,partnership_marriage,0.0
RELATP3_I,female_respondent,partnership_marriage,0.0
NOSEX36,female_respondent,contraception_sexual,0.0
NOSEX12,female_respondent,contraception_sexual,0.0143
NOSEX12_I,female_respondent,contraception_sexual,0.0
INFERT,female_respondent,fertility_services_art,0.519
INFERT_I,female_respondent,fertility_services_art,0.0
SEXP3MO,female_respondent,contraception_sexual,0.1908
SEXP3MO_I,female_respondent,contraception_sexual,0.0
CONSTAT1,female_respondent,contraception_sexual,0.0
CONSTAT2,female_respondent,contraception_sexual,0.0
CONSTAT3,female_respondent,contraception_sexual,0.0
CONSTAT4,female_respondent,contraception_sexual,0.0
CONSTAT1_I,female_respondent,contraception_sexual,0.0
CONSTAT2_I,female_respondent,contraception_sexual,0.0
CONSTAT3_I,female_respondent,contraception_sexual,0.0
CONSTAT4_I,female_respondent,contraception_sexual,0.0
SEX1MTHD1,female_respondent,contraception_sexual,0.1847
SEX1MTHD2,female_respondent,contraception_sexual,0.8063
SEX1MTHD3,female_respondent,contraception_sexual,0.9696
SEX1MTHD4,female_respondent,contraception_sexual,0.9918
SEX1MTHD1_I,female_respondent,contraception_sexual,0.0
SEX1MTHD2_I,female_respondent,contraception_sexual,0.0
SEX1MTHD3_I,female_respondent,contraception_sexual,0.0
SEX1MTHD4_I,female_respondent,contraception_sexual,0.0
METH12M1,female_respondent,contraception_sexual,0.3251
METH12M2,female_respondent,contraception_sexual,0.9191
METH12M3,female_respondent,contraception_sexual,0.9921
METH12M1_I,female_respondent,contraception_sexual,0.0
METH12M2_I,female_respondent,contraception_sexual,0.0
METH12M3_I,female_respondent,contraception_sexual,0.0
METH12M4_I,female_respondent,contraception_sexual,0.0
METH3M1,female_respondent,contraception_sexual,0.4069
METH3M2,female_respondent,contraception_sexual,0.9314
METH3M3,female_respondent,contraception_sexual,0.993
METH3M1_I,female_respondent,contraception_sexual,0.0
METH3M2_I,female_respondent,contraception_sexual,0.0
METH3M3_I,female_respondent,contraception_sexual,0.0
METH3M4_I,female_respondent,contraception_sexual,0.0
MAROUT1,female_respondent,partnership_marriage,0.4569
MAROUT2,female_respondent,partnership_marriage,0.5967
MAROUT3,female_respondent,partnership_marriage,0.8015
MAROUT4,female_respondent,partnership_marriage,0.8958
MAROUT5,female_respondent,partnership_marriage,0.9493
MAROUT6,female_respondent,partnership_marriage,0.9735
MAROUT7,female_respondent,partnership_marriage,0.9875
MARCON1,female_respondent,partnership_marriage,0.4493
MARCON2,female_respondent,partnership_marriage,0.5879
MARCON3,female_respondent,partnership_marriage,0.7956
MARCON4,female_respondent,partnership_marriage,0.8922
MARCON5,female_respondent,partnership_marriage,0.9472
MARCON6,female_respondent,partnership_marriage,0.9717
MARCON7,female_respondent,partnership_marriage,0.9869
MARCON8,female_respondent,partnership_marriage,0.9948
CURR_INS,female_respondent,demographics_social,0.0
CURR_INS_I,female_respondent,demographics_social,0.0
RELIGION,female_respondent,demographics_social,0.0
RELIGION_I,female_respondent,demographics_social,0.0
LABORFOR,female_respondent,demographics_social,0.0
LABORFOR_I,female_respondent,demographics_social,0.0
POVERTY,female_respondent,demographics_social,0.0
POVERTY_I,female_respondent,demographics_social,0.0
METRO,female_respondent,demographics_social,0.0
WGT2022_2023,female_respondent,id_design,0.0
VEST,female_respondent,id_design,0.0
VECL,female_respondent,id_design,0.0
QUARTER,female_respondent,fertility_services_art,0.0
preg_n_records,female_pregnancy_aggregate,pregnancy_record_count,0.0
preg_OUTCOME_code_1_n,female_pregnancy_aggregate,pregnancy_OUTCOME,0.0
preg_OUTCOME_code_2_n,female_pregnancy_aggregate,pregnancy_OUTCOME,0.0
preg_OUTCOME_code_3_n,female_pregnancy_aggregate,pregnancy_OUTCOME,0.0
preg_OUTCOME_code_4_n,female_pregnancy_aggregate,pregnancy_OUTCOME,0.0
preg_OUTCOME_code_5_n,female_pregnancy_aggregate,pregnancy_OUTCOME,0.0
preg_OUTCOME_code_6_n,female_pregnancy_aggregate,pregnancy_OUTCOME,0.0
preg_BORNALIV_code_1_n,female_pregnancy_aggregate,pregnancy_BORNALIV,0.0
preg_BORNALIV_code_2_n,female_pregnancy_aggregate,pregnancy_BORNALIV,0.0
preg_RECNT5YRPRG_code_1_n,female_pregnancy_aggregate,pregnancy_RECNT5YRPRG,0.0
preg_RECNT5YRPRG_code_5_n,female_pregnancy_aggregate,pregnancy_RECNT5YRPRG,0.0
preg_EVUSEINT_code_1_n,female_pregnancy_aggregate,pregnancy_EVUSEINT,0.0
preg_EVUSEINT_code_5_n,female_pregnancy_aggregate,pregnancy_EVUSEINT,0.0
preg_EVUSEINT_code_8_n,female_pregnancy_aggregate,pregnancy_EVUSEINT,0.0
preg_EVUSEINT_code_9_n,female_pregnancy_aggregate,pregnancy_EVUSEINT,0.0
preg_STOPDUSE_code_1_n,female_pregnancy_aggregate,pregnancy_STOPDUSE,0.0
preg_STOPDUSE_code_5_n,female_pregnancy_aggregate,pregnancy_STOPDUSE,0.0
preg_STOPDUSE_code_8_n,female_pregnancy_aggregate,pregnancy_STOPDUSE,0.0
preg_STOPDUSE_code_9_n,female_pregnancy_aggregate,pregnancy_STOPDUSE,0.0
preg_WANTBOLD_code_1_n,female_pregnancy_aggregate,pregnancy_WANTBOLD,0.0
preg_WANTBOLD_code_5_n,female_pregnancy_aggregate,pregnancy_WANTBOLD,0.0
preg_WANTBOLD_code_6_n,female_pregnancy_aggregate,pregnancy_WANTBOLD,0.0
preg_WANTBOLD_code_98_n,female_pregnancy_aggregate,pregnancy_WANTBOLD,0.0
preg_WANTBOLD_code_99_n,female_pregnancy_aggregate,pregnancy_WANTBOLD,0.0
preg_TIMINGOK_code_1_n,female_pregnancy_aggregate,pregnancy_TIMINGOK,0.0
preg_TIMINGOK_code_2_n,female_pregnancy_aggregate,pregnancy_TIMINGOK,0.0
preg_TIMINGOK_code_3_n,female_pregnancy_aggregate,pregnancy_TIMINGOK,0.0
preg_TIMINGOK_code_4_n,female_pregnancy_aggregate,pregnancy_TIMINGOK,0.0
preg_TIMINGOK_code_8_n,female_pregnancy_aggregate,pregnancy_TIMINGOK,0.0
preg_TIMINGOK_code_9_n,female_pregnancy_aggregate,pregnancy_TIMINGOK,0.0
preg_NEWWANTR_code_1_n,female_pregnancy_aggregate,pregnancy_NEWWANTR,0.0
preg_NEWWANTR_code_2_n,female_pregnancy_aggregate,pregnancy_NEWWANTR,0.0
preg_NEWWANTR_code_3_n,female_pregnancy_aggregate,pregnancy_NEWWANTR,0.0
preg_NEWWANTR_code_4_n,female_pregnancy_aggregate,pregnancy_NEWWANTR,0.0
preg_NEWWANTR_code_5_n,female_pregnancy_aggregate,pregnancy_NEWWANTR,0.0
preg_NEWWANTR_code_6_n,female_pregnancy_aggregate,pregnancy_NEWWANTR,0.0
preg_NEWWANTR_code_7_n,female_pregnancy_aggregate,pregnancy_NEWWANTR,0.0
preg_wantresp_code_1_n,female_pregnancy_aggregate,pregnancy_wantresp,0.0
preg_wantresp_code_2_n,female_pregnancy_aggregate,pregnancy_wantresp,0.0
preg_wantresp_code_3_n,female_pregnancy_aggregate,pregnancy_wantresp,0.0
preg_wantresp_code_4_n,female_pregnancy_aggregate,pregnancy_wantresp,0.0
preg_wantresp_code_5_n,female_pregnancy_aggregate,pregnancy_wantresp,0.0
preg_wantresp_code_6_n,female_pregnancy_aggregate,pregnancy_wantresp,0.0
preg_WANTPART_code_1_n,female_pregnancy_aggregate,pregnancy_WANTPART,0.0
preg_WANTPART_code_2_n,female_pregnancy_aggregate,pregnancy_WANTPART,0.0
preg_WANTPART_code_3_n,female_pregnancy_aggregate,pregnancy_WANTPART,0.0
preg_WANTPART_code_4_n,female_pregnancy_aggregate,pregnancy_WANTPART,0.0
preg_WANTPART_code_5_n,female_pregnancy_aggregate,pregnancy_WANTPART,0.0
preg_WANTPART_code_6_n,female_pregnancy_aggregate,pregnancy_WANTPART,0.0
preg_PRIORSMK_code_0_n,female_pregnancy_aggregate,pregnancy_PRIORSMK,0.0
preg_PRIORSMK_code_1_n,female_pregnancy_aggregate,pregnancy_PRIORSMK,0.0
preg_PRIORSMK_code_2_n,female_pregnancy_aggregate,pregnancy_PRIORSMK,0.0
preg_PRIORSMK_code_3_n,female_pregnancy_aggregate,pregnancy_PRIORSMK,0.0
preg_PRIORSMK_code_4_n,female_pregnancy_aggregate,pregnancy_PRIORSMK,0.0
preg_PRIORSMK_code_5_n,female_pregnancy_aggregate,pregnancy_PRIORSMK,0.0
preg_PRIORSMK_code_6_n,female_pregnancy_aggregate,pregnancy_PRIORSMK,0.0
preg_PRIORSMK_code_8_n,female_pregnancy_aggregate,pregnancy_PRIORSMK,0.0
preg_POSTSMKS_code_1_n,female_pregnancy_aggregate,pregnancy_POSTSMKS,0.0
preg_POSTSMKS_code_5_n,female_pregnancy_aggregate,pregnancy_POSTSMKS,0.0
preg_POSTSMKS_code_8_n,female_pregnancy_aggregate,pregnancy_POSTSMKS,0.0
preg_GETPRENA_code_1_n,female_pregnancy_aggregate,pregnancy_GETPRENA,0.0
preg_GETPRENA_code_5_n,female_pregnancy_aggregate,pregnancy_GETPRENA,0.0
preg_GETPRENA_code_8_n,female_pregnancy_aggregate,pregnancy_GETPRENA,0.0
preg_GETPRENA_code_9_n,female_pregnancy_aggregate,pregnancy_GETPRENA,0.0
preg_BGNPRENA_code_1_n,female_pregnancy_aggregate,pregnancy_BGNPRENA,0.0
preg_BGNPRENA_code_2_n,female_pregnancy_aggregate,pregnancy_BGNPRENA,0.0
preg_BGNPRENA_code_3_n,female_pregnancy_aggregate,pregnancy_BGNPRENA,0.0
preg_BGNPRENA_code_9_n,female_pregnancy_aggregate,pregnancy_BGNPRENA,0.0
preg_GEST_LB_code_1_n,female_pregnancy_aggregate,pregnancy_GEST_LB,0.0
preg_GEST_LB_code_2_n,female_pregnancy_aggregate,pregnancy_GEST_LB,0.0
preg_GEST_LB_code_3_n,female_pregnancy_aggregate,pregnancy_GEST_LB,0.0
preg_GEST_LB_code_4_n,female_pregnancy_aggregate,pregnancy_GEST_LB,0.0
preg_GEST_OTHR_code_1_n,female_pregnancy_aggregate,pregnancy_GEST_OTHR,0.0
preg_GEST_OTHR_code_2_n,female_pregnancy_aggregate,pregnancy_GEST_OTHR,0.0
preg_GEST_OTHR_code_3_n,female_pregnancy_aggregate,pregnancy_GEST_OTHR,0.0
preg_GestImp_code_1_n,female_pregnancy_aggregate,pregnancy_GestImp,0.0
preg_GestImp_code_2_n,female_pregnancy_aggregate,pregnancy_GestImp,0.0
preg_BIRTHWGT_code_1_n,female_pregnancy_aggregate,pregnancy_BIRTHWGT,0.0
preg_BIRTHWGT_code_2_n,female_pregnancy_aggregate,pregnancy_BIRTHWGT,0.0
preg_BIRTHWGT_code_8_n,female_pregnancy_aggregate,pregnancy_BIRTHWGT,0.0
preg_BIRTHWGT_code_9_n,female_pregnancy_aggregate,pregnancy_BIRTHWGT,0.0
preg_PREGORDR_min,female_pregnancy_aggregate,pregnancy_PREGORDR,0.0
preg_PREGORDR_max,female_pregnancy_aggregate,pregnancy_PREGORDR,0.0
preg_PREGORDR_mean,female_pregnancy_aggregate,pregnancy_PREGORDR,0.0
preg_agepreg_min,female_pregnancy_aggregate,pregnancy_agepreg,0.0137
preg_agepreg_max,female_pregnancy_aggregate,pregnancy_agepreg,0.0137
preg_agepreg_mean,female_pregnancy_aggregate,pregnancy_agepreg,0.0137
preg_agecon_min,female_pregnancy_aggregate,pregnancy_agecon,0.0
preg_agecon_max,female_pregnancy_aggregate,pregnancy_agecon,0.0
preg_agecon_mean,female_pregnancy_aggregate,pregnancy_agecon,0.0
preg_KIDAGE_min,female_pregnancy_aggregate,pregnancy_KIDAGE,0.107
preg_KIDAGE_max,female_pregnancy_aggregate,pregnancy_KIDAGE,0.107
preg_KIDAGE_mean,female_pregnancy_aggregate,pregnancy_KIDAGE,0.107
preg_BFEEDWKS_min,female_pregnancy_aggregate,pregnancy_BFEEDWKS,0.5894
preg_BFEEDWKS_max,female_pregnancy_aggregate,pregnancy_BFEEDWKS,0.5894
preg_BFEEDWKS_mean,female_pregnancy_aggregate,pregnancy_BFEEDWKS,0.5894
has_pregnancy_record,derived,pregnancy_record_count,0.0
