table,variable,themes
female_respondent,CaseID,identity_design_weight
female_respondent,RSCRAGE,demographics_social
female_respondent,RSCRHISP,demographics_social
female_respondent,RSCRRACE,demographics_social
female_respondent,AGE_R,demographics_social
female_respondent,AGESCRN,demographics_social
female_respondent,HISP,demographics_social
female_respondent,HISPGRP,demographics_social
female_respondent,NUMCHILD,pregnancy_fertility_history
female_respondent,HHKIDS18,pregnancy_fertility_history
female_respondent,NONBIOKIDS,pregnancy_fertility_history
female_respondent,MARSTAT,partnership_marriage
female_respondent,LMARSTAT,partnership_marriage
female_respondent,RMARIT,partnership_marriage
female_respondent,EVRMARRY,partnership_marriage
female_respondent,SSMARCOH,partnership_marriage
female_respondent,MANREL,partnership_marriage
female_respondent,PARMARR,partnership_marriage
female_respondent,FOSTEREV,contraception_sexual
female_respondent,MNYFSTER,contraception_sexual
female_respondent,DURFSTER,contraception_sexual
female_respondent,AGEFSTER,demographics_social|contraception_sexual
female_respondent,MARSTATB,partnership_marriage
female_respondent,EVCOHABB,partnership_marriage
female_respondent,FMARIT,partnership_marriage
female_respondent,MENARCHE,pregnancy_fertility_history
female_respondent,CURRPREG,pregnancy_fertility_history
female_respondent,LASTPREG,pregnancy_fertility_history
female_respondent,BIRTH1,pregnancy_fertility_history
female_respondent,OTHERKID,pregnancy_fertility_history
female_respondent,NOTHRKID,pregnancy_fertility_history
female_respondent,NBKIDLIV,pregnancy_fertility_history
female_respondent,NBKIDSEX_01,pregnancy_fertility_history|contraception_sexual
female_respondent,NBKIDREL_01,pregnancy_fertility_history
female_respondent,NBKDAGE_01,demographics_social
female_respondent,TRYADOPT_01,pregnancy_fertility_history|fertility_services_art
female_respondent,TRYEITHR_01,pregnancy_fertility_history
female_respondent,NBKIDFOS_01,pregnancy_fertility_history
female_respondent,NBKIDSEX_02,pregnancy_fertility_history|contraception_sexual
female_respondent,NBKIDREL_02,pregnancy_fertility_history
female_respondent,NBKDAGE_02,demographics_social
female_respondent,TRYADOPT_02,pregnancy_fertility_history|fertility_services_art
female_respondent,TRYEITHR_02,pregnancy_fertility_history
female_respondent,NBKIDFOS_02,pregnancy_fertility_history
female_respondent,NBKIDSEX_03,pregnancy_fertility_history|contraception_sexual
female_respondent,NBKIDREL_03,pregnancy_fertility_history
female_respondent,NBKDAGE_03,demographics_social
female_respondent,TRYADOPT_03,pregnancy_fertility_history|fertility_services_art
female_respondent,TRYEITHR_03,pregnancy_fertility_history
female_respondent,NBKIDFOS_03,pregnancy_fertility_history
female_respondent,EVERADOPT,fertility_services_art
female_respondent,BD_ADOPT,fertility_services_art
female_respondent,CONTAGEM,demographics_social|contraception_sexual
female_respondent,TRYLONG,pregnancy_fertility_history
female_respondent,EVCONTAG,contraception_sexual
female_respondent,YQUITTRY,pregnancy_fertility_history
female_respondent,HRDEMBRYO,fertility_services_art
female_respondent,SRCEMBRYO_1,fertility_services_art
female_respondent,SRCEMBRYO_2,fertility_services_art
female_respondent,SRCEMBRYO_3,fertility_services_art
female_respondent,SRCEMBRYO_4,fertility_services_art
female_respondent,SRCEMBRYO_5,fertility_services_art
female_respondent,FMARRDATE_Y,partnership_marriage
female_respondent,HERAGEFM,demographics_social
female_respondent,HERAGEF,demographics_social
female_respondent,WILLMARRF,partnership_marriage
female_respondent,CFSPEDUCN,demographics_social
female_respondent,CFSPMARBF,partnership_marriage
female_respondent,SSKIDTOG,pregnancy_fertility_history
female_respondent,NSSKIDTOG,pregnancy_fertility_history
female_respondent,SSKIDTOG18,pregnancy_fertility_history
female_respondent,WHMARHX_Y_1,partnership_marriage
female_respondent,HXAGEMAR_1,demographics_social|partnership_marriage
female_respondent,ENGAGHX_1,partnership_marriage
female_respondent,CHEDMARN_1,partnership_marriage
female_respondent,MARBEFHX_1,partnership_marriage
female_respondent,KIDSHX_1,pregnancy_fertility_history
female_respondent,KIDLIVHX_1,pregnancy_fertility_history
female_respondent,BIOHUSBX_1,partnership_marriage
female_respondent,MARENDHX_1,partnership_marriage
female_respondent,ENDMARRX_Y_1,partnership_marriage
female_respondent,WHMARHX_Y_2,partnership_marriage
female_respondent,HXAGEMAR_2,demographics_social|partnership_marriage
female_respondent,ENGAGHX_2,partnership_marriage
female_respondent,CHEDMARN_2,partnership_marriage
female_respondent,MARBEFHX_2,partnership_marriage
female_respondent,KIDSHX_2,pregnancy_fertility_history
female_respondent,KIDLIVHX_2,pregnancy_fertility_history
female_respondent,BIOHUSBX_2,partnership_marriage
female_respondent,MARENDHX_2,partnership_marriage
female_respondent,ENDMARRX_Y_2,partnership_marriage
female_respondent,WHMARHX_Y_3,partnership_marriage
female_respondent,HXAGEMAR_3,demographics_social|partnership_marriage
female_respondent,ENGAGHX_3,partnership_marriage
female_respondent,CHEDMARN_3,partnership_marriage
female_respondent,MARBEFHX_3,partnership_marriage
female_respondent,KIDSHX_3,pregnancy_fertility_history
female_respondent,KIDLIVHX_3,pregnancy_fertility_history
female_respondent,BIOHUSBX_3,partnership_marriage
female_respondent,MARENDHX_3,partnership_marriage
female_respondent,ENDMARRX_Y_3,partnership_marriage
female_respondent,WHMARHX_Y_4,partnership_marriage
female_respondent,HXAGEMAR_4,demographics_social|partnership_marriage
female_respondent,ENGAGHX_4,partnership_marriage
female_respondent,CHEDMARN_4,partnership_marriage
female_respondent,MARBEFHX_4,partnership_marriage
female_respondent,KIDSHX_4,pregnancy_fertility_history
female_respondent,KIDLIVHX_4,pregnancy_fertility_history
female_respondent,BIOHUSBX_4,partnership_marriage
female_respondent,MARENDHX_4,partnership_marriage
female_respondent,ENDMARRX_Y_4,partnership_marriage
female_respondent,WHMARHX_Y_5,partnership_marriage
female_respondent,HXAGEMAR_5,demographics_social|partnership_marriage
female_respondent,ENGAGHX_5,partnership_marriage
female_respondent,CHEDMARN_5,partnership_marriage
female_respondent,MARBEFHX_5,partnership_marriage
female_respondent,KIDSHX_5,pregnancy_fertility_history
female_respondent,KIDLIVHX_5,pregnancy_fertility_history
female_respondent,BIOHUSBX_5,partnership_marriage
female_respondent,MARENDHX_5,partnership_marriage
female_respondent,ENDMARRX_Y_5,partnership_marriage
female_respondent,CMMARRCH,partnership_marriage
female_respondent,PREVHUSB,partnership_marriage
female_respondent,CPHERAGE,demographics_social
female_respondent,CPHISAGE,demographics_social
female_respondent,CPENGAG1,partnership_marriage
female_respondent,WILLMARR,partnership_marriage
female_respondent,CPEDUC,demographics_social
female_respondent,CPMARBEF,partnership_marriage
female_respondent,CPKIDS,pregnancy_fertility_history
female_respondent,CPKIDLIV,pregnancy_fertility_history
female_respondent,EVRCOHAB,partnership_marriage
female_respondent,HERAGEC1,demographics_social
female_respondent,HISAGEC1,demographics_social
female_respondent,ENGAG1C1,partnership_marriage
female_respondent,MAREVC1,partnership_marriage
female_respondent,C1KIDS,pregnancy_fertility_history
female_respondent,EVERSEX,contraception_sexual
female_respondent,RHADSEX,contraception_sexual
female_respondent,YNOSEX,contraception_sexual
female_respondent,LSTSEXFP_M,contraception_sexual
female_respondent,LSTSEXFP_Y,contraception_sexual
female_respondent,CMLSEXFP,contraception_sexual
female_respondent,FPEDUC,demographics_social
female_respondent,SEXAFMEN,contraception_sexual
female_respondent,PTSB4MAR,partnership_marriage
female_respondent,P1YLSEX_M,contraception_sexual
female_respondent,P1YLSEX_Y,contraception_sexual
female_respondent,CMLSEX1,contraception_sexual
female_respondent,P1YLSEX_M2,contraception_sexual
female_respondent,P1YLSEX_Y2,contraception_sexual
female_respondent,CMLSEX2,contraception_sexual
female_respondent,P1YLSEX_M3,contraception_sexual
female_respondent,P1YLSEX_Y3,contraception_sexual
female_respondent,CMLSEX3,contraception_sexual
female_respondent,P1YRAGE,demographics_social
female_respondent,P1YHSAGE,demographics_social
female_respondent,P1YFSEX_M,contraception_sexual
female_respondent,P1YFSEX_Y,contraception_sexual
female_respondent,CMFSEX,contraception_sexual
female_respondent,CMFSEXTOT,contraception_sexual
female_respondent,P1YEDUC,demographics_social
female_respondent,P1YRAGE2,demographics_social
female_respondent,P1YHSAGE2,demographics_social
female_respondent,P1YFSEX_M2,contraception_sexual
female_respondent,P1YFSEX_Y2,contraception_sexual
female_respondent,CMFSEX2,contraception_sexual
female_respondent,CMFSEXTOT2,contraception_sexual
female_respondent,P1YEDUC2,demographics_social
female_respondent,P1YRAGE3,demographics_social
female_respondent,P1YHSAGE3,demographics_social
female_respondent,P1YFSEX_M3,contraception_sexual
female_respondent,P1YFSEX_Y3,contraception_sexual
female_respondent,CMFSEX3,contraception_sexual
female_respondent,CMFSEXTOT3,contraception_sexual
female_respondent,P1YEDUC3,demographics_social
female_respondent,OTHSTER,contraception_sexual
female_respondent,ANYFSTER,contraception_sexual
female_respondent,RWANTRVT,pregnancy_intention_outcome
female_respondent,MANWANTT,pregnancy_intention_outcome
female_respondent,RWANTREV,pregnancy_intention_outcome
female_respondent,MANWANTR,pregnancy_intention_outcome
female_respondent,PREGNONO,pregnancy_fertility_history
female_respondent,TRYPREG12,pregnancy_fertility_history
female_respondent,PILL,contraception_sexual
female_respondent,MORNPILL,contraception_sexual
female_respondent,IUD,contraception_sexual
female_respondent,EVIUDTYP1,contraception_sexual
female_respondent,EVIUDTYP2,contraception_sexual
female_respondent,EVCIUDEC,contraception_sexual
female_respondent,OTHRMETH01,contraception_sexual
female_respondent,OTHRMETH02,contraception_sexual
female_respondent,OTHRMETH03,contraception_sexual
female_respondent,OTHRMETH04,contraception_sexual
female_respondent,OTHRMETH05,contraception_sexual
female_respondent,OTHRMETH06,contraception_sexual
female_respondent,METHDISS,contraception_sexual
female_respondent,METHSTOP01,contraception_sexual
female_respondent,METHSTOP02,contraception_sexual
female_respondent,METHSTOP03,contraception_sexual
female_respondent,METHSTOP04,contraception_sexual
female_respondent,METHSTOP05,contraception_sexual
female_respondent,METHSTOP06,contraception_sexual
female_respondent,METHSTOP07,contraception_sexual
female_respondent,METHSTOP08,contraception_sexual
female_respondent,METHSTOP09,contraception_sexual
female_respondent,WHENPILL,contraception_sexual
female_respondent,REASPILL01,contraception_sexual
female_respondent,REASPILL02,contraception_sexual
female_respondent,REASPILL03,contraception_sexual
female_respondent,REASPILL04,contraception_sexual
female_respondent,REASPILL05,contraception_sexual
female_respondent,REASPILL06,contraception_sexual
female_respondent,REASPILL07,contraception_sexual
female_respondent,WHENIUD,contraception_sexual
female_respondent,TYPEIUD_1,contraception_sexual
female_respondent,TYPEIUD_2,contraception_sexual
female_respondent,REASIUD01,contraception_sexual
female_respondent,REASIUD02,contraception_sexual
female_respondent,REASIUD03,contraception_sexual
female_respondent,REASIUD04,contraception_sexual
female_respondent,REASIUD05,contraception_sexual
female_respondent,REASIUD06,contraception_sexual
female_respondent,FIRSMETH1,contraception_sexual
female_respondent,FIRSMETH2,contraception_sexual
female_respondent,FIRSMETH3,contraception_sexual
female_respondent,FIRSMETH4,contraception_sexual
female_respondent,DRUGDEV,health_behavior
female_respondent,DRUGDEV2,health_behavior
female_respondent,DRUGDEV3,health_behavior
female_respondent,DRUGDEV4,health_behavior
female_respondent,AGEFSTUS,demographics_social
female_respondent,CURRMETH1,contraception_sexual
female_respondent,CURRMETH2,contraception_sexual
female_respondent,CURRMETH3,contraception_sexual
female_respondent,CURRMETH4,contraception_sexual
female_respondent,LSTMONMETH1,contraception_sexual
female_respondent,LSTMONMETH2,contraception_sexual
female_respondent,LSTMONMETH3,contraception_sexual
female_respondent,LSTMONMETH4,contraception_sexual
female_respondent,PILL_12,contraception_sexual
female_respondent,IUD_12,contraception_sexual
female_respondent,MPILL_12,contraception_sexual
female_respondent,METHX1,contraception_sexual
female_respondent,METHX2,contraception_sexual
female_respondent,METHX3,contraception_sexual
female_respondent,METHX4,contraception_sexual
female_respondent,METHX5,contraception_sexual
female_respondent,METHX6,contraception_sexual
female_respondent,METHX7,contraception_sexual
female_respondent,METHX8,contraception_sexual
female_respondent,METHX9,contraception_sexual
female_respondent,METHX10,contraception_sexual
female_respondent,METHX11,contraception_sexual
female_respondent,METHX12,contraception_sexual
female_respondent,METHX13,contraception_sexual
female_respondent,METHX14,contraception_sexual
female_respondent,METHX15,contraception_sexual
female_respondent,METHX16,contraception_sexual
female_respondent,METHX17,contraception_sexual
female_respondent,METHX18,contraception_sexual
female_respondent,METHX19,contraception_sexual
female_respondent,METHX20,contraception_sexual
female_respondent,METHX21,contraception_sexual
female_respondent,METHX22,contraception_sexual
female_respondent,METHX23,contraception_sexual
female_respondent,METHX24,contraception_sexual
female_respondent,METHX25,contraception_sexual
female_respondent,METHX26,contraception_sexual
female_respondent,METHX27,contraception_sexual
female_respondent,METHX28,contraception_sexual
female_respondent,METHX29,contraception_sexual
female_respondent,METHX30,contraception_sexual
female_respondent,METHX31,contraception_sexual
female_respondent,METHX32,contraception_sexual
female_respondent,METHX33,contraception_sexual
female_respondent,METHX34,contraception_sexual
female_respondent,METHX35,contraception_sexual
female_respondent,METHX36,contraception_sexual
female_respondent,METHX37,contraception_sexual
female_respondent,METHX38,contraception_sexual
female_respondent,METHX39,contraception_sexual
female_respondent,METHX40,contraception_sexual
female_respondent,METHX41,contraception_sexual
female_respondent,METHX42,contraception_sexual
female_respondent,METHX43,contraception_sexual
female_respondent,METHX44,contraception_sexual
female_respondent,METHX45,contraception_sexual
female_respondent,METHX46,contraception_sexual
female_respondent,METHX47,contraception_sexual
female_respondent,METHX48,contraception_sexual
female_respondent,METHX49,contraception_sexual
female_respondent,METHX50,contraception_sexual
female_respondent,METHX51,contraception_sexual
female_respondent,METHX52,contraception_sexual
female_respondent,METHX53,contraception_sexual
female_respondent,METHX54,contraception_sexual
female_respondent,METHX55,contraception_sexual
female_respondent,METHX56,contraception_sexual
female_respondent,METHX57,contraception_sexual
female_respondent,METHX58,contraception_sexual
female_respondent,METHX59,contraception_sexual
female_respondent,METHX60,contraception_sexual
female_respondent,METHX61,contraception_sexual
female_respondent,METHX62,contraception_sexual
female_respondent,METHX63,contraception_sexual
female_respondent,METHX64,contraception_sexual
female_respondent,METHX65,contraception_sexual
female_respondent,METHX66,contraception_sexual
female_respondent,METHX67,contraception_sexual
female_respondent,METHX68,contraception_sexual
female_respondent,METHX69,contraception_sexual
female_respondent,METHX70,contraception_sexual
female_respondent,METHX71,contraception_sexual
female_respondent,METHX72,contraception_sexual
female_respondent,METHX73,contraception_sexual
female_respondent,METHX74,contraception_sexual
female_respondent,METHX75,contraception_sexual
female_respondent,METHX76,contraception_sexual
female_respondent,METHX77,contraception_sexual
female_respondent,METHX78,contraception_sexual
female_respondent,METHX79,contraception_sexual
female_respondent,METHX80,contraception_sexual
female_respondent,METHX81,contraception_sexual
female_respondent,METHX82,contraception_sexual
female_respondent,METHX83,contraception_sexual
female_respondent,METHX84,contraception_sexual
female_respondent,METHX85,contraception_sexual
female_respondent,METHX86,contraception_sexual
female_respondent,METHX87,contraception_sexual
female_respondent,METHX88,contraception_sexual
female_respondent,METHX89,contraception_sexual
female_respondent,METHX90,contraception_sexual
female_respondent,METHX91,contraception_sexual
female_respondent,METHX92,contraception_sexual
female_respondent,METHX93,contraception_sexual
female_respondent,METHX94,contraception_sexual
female_respondent,METHX95,contraception_sexual
female_respondent,METHX96,contraception_sexual
female_respondent,METHX97,contraception_sexual
female_respondent,METHX98,contraception_sexual
female_respondent,METHX99,contraception_sexual
female_respondent,METHX100,contraception_sexual
female_respondent,METHX101,contraception_sexual
female_respondent,METHX102,contraception_sexual
female_respondent,METHX103,contraception_sexual
female_respondent,METHX104,contraception_sexual
female_respondent,METHX105,contraception_sexual
female_respondent,METHX106,contraception_sexual
female_respondent,METHX107,contraception_sexual
female_respondent,METHX108,contraception_sexual
female_respondent,METHX109,contraception_sexual
female_respondent,METHX110,contraception_sexual
female_respondent,METHX111,contraception_sexual
female_respondent,METHX112,contraception_sexual
female_respondent,METHX113,contraception_sexual
female_respondent,METHX114,contraception_sexual
female_respondent,METHX115,contraception_sexual
female_respondent,METHX116,contraception_sexual
female_respondent,METHX117,contraception_sexual
female_respondent,METHX118,contraception_sexual
female_respondent,METHX119,contraception_sexual
female_respondent,METHX120,contraception_sexual
female_respondent,METHX121,contraception_sexual
female_respondent,METHX122,contraception_sexual
female_respondent,METHX123,contraception_sexual
female_respondent,METHX124,contraception_sexual
female_respondent,METHX125,contraception_sexual
female_respondent,METHX126,contraception_sexual
female_respondent,METHX127,contraception_sexual
female_respondent,METHX128,contraception_sexual
female_respondent,METHX129,contraception_sexual
female_respondent,METHX130,contraception_sexual
female_respondent,METHX131,contraception_sexual
female_respondent,METHX132,contraception_sexual
female_respondent,METHX133,contraception_sexual
female_respondent,METHX134,contraception_sexual
female_respondent,METHX135,contraception_sexual
female_respondent,METHX136,contraception_sexual
female_respondent,METHX137,contraception_sexual
female_respondent,METHX138,contraception_sexual
female_respondent,METHX139,contraception_sexual
female_respondent,METHX140,contraception_sexual
female_respondent,METHX141,contraception_sexual
female_respondent,METHX142,contraception_sexual
female_respondent,METHX143,contraception_sexual
female_respondent,METHX144,contraception_sexual
female_respondent,METHX145,contraception_sexual
female_respondent,METHX146,contraception_sexual
female_respondent,METHX147,contraception_sexual
female_respondent,METHX148,contraception_sexual
female_respondent,METHX149,contraception_sexual
female_respondent,METHX150,contraception_sexual
female_respondent,METHX151,contraception_sexual
female_respondent,METHX152,contraception_sexual
female_respondent,METHX153,contraception_sexual
female_respondent,METHX154,contraception_sexual
female_respondent,METHX155,contraception_sexual
female_respondent,METHX156,contraception_sexual
female_respondent,METHX157,contraception_sexual
female_respondent,METHX158,contraception_sexual
female_respondent,METHX159,contraception_sexual
female_respondent,METHX160,contraception_sexual
female_respondent,METHX161,contraception_sexual
female_respondent,METHX162,contraception_sexual
female_respondent,METHX163,contraception_sexual
female_respondent,METHX164,contraception_sexual
female_respondent,METHX165,contraception_sexual
female_respondent,METHX166,contraception_sexual
female_respondent,METHX167,contraception_sexual
female_respondent,METHX168,contraception_sexual
female_respondent,METHX169,contraception_sexual
female_respondent,METHX170,contraception_sexual
female_respondent,METHX171,contraception_sexual
female_respondent,METHX172,contraception_sexual
female_respondent,METHX173,contraception_sexual
female_respondent,METHX174,contraception_sexual
female_respondent,METHX175,contraception_sexual
female_respondent,METHX176,contraception_sexual
female_respondent,METHX177,contraception_sexual
female_respondent,METHX178,contraception_sexual
female_respondent,METHX179,contraception_sexual
female_respondent,METHX180,contraception_sexual
female_respondent,METHX181,contraception_sexual
female_respondent,METHX182,contraception_sexual
female_respondent,METHX183,contraception_sexual
female_respondent,METHX184,contraception_sexual
female_respondent,METHX185,contraception_sexual
female_respondent,METHX186,contraception_sexual
female_respondent,METHX187,contraception_sexual
female_respondent,METHX188,contraception_sexual
female_respondent,METHX189,contraception_sexual
female_respondent,METHX190,contraception_sexual
female_respondent,METHX191,contraception_sexual
female_respondent,METHX192,contraception_sexual
female_respondent,HPPREGQ,pregnancy_fertility_history
female_respondent,DURTRY_N,pregnancy_fertility_history
female_respondent,DURTRY_P,pregnancy_fertility_history
female_respondent,YUSEPILL1,contraception_sexual
female_respondent,YUSEPILL2,contraception_sexual
female_respondent,YUSEPILL3,contraception_sexual
female_respondent,YUSEPILL4,contraception_sexual
female_respondent,YUSEPILL5,contraception_sexual
female_respondent,YUSEPILL6,contraception_sexual
female_respondent,IUDTYPE,contraception_sexual
female_respondent,YUSEIUD1,contraception_sexual
female_respondent,YUSEIUD2,contraception_sexual
female_respondent,YUSEIUD3,contraception_sexual
female_respondent,YUSEIUD4,contraception_sexual
female_respondent,YUSEIUD5,contraception_sexual
female_respondent,EKMETHOD,contraception_sexual
female_respondent,NUMPILLS,contraception_sexual
female_respondent,CURBCINS,demographics_social
female_respondent,NOUSEINS1,demographics_social
female_respondent,NOUSEINS2,demographics_social
female_respondent,MISSPILL,contraception_sexual
female_respondent,STEROP12,contraception_sexual
female_respondent,PARTUM12,partnership_marriage|fertility_services_art
female_respondent,IDCLINIC,fertility_services_art
female_respondent,AGEFPAP,demographics_social
female_respondent,AGEFPAP2,demographics_social
female_respondent,AGEFPEL,demographics_social
female_respondent,AGEPEL2,demographics_social
female_respondent,AGEFHPV,demographics_social
female_respondent,AGEFHPV2,demographics_social
female_respondent,ASKSMOKE,health_behavior
female_respondent,ASKPREG,pregnancy_fertility_history
female_respondent,RWANT,pregnancy_intention_outcome
female_respondent,PROBWANT,pregnancy_intention_outcome
female_respondent,PWANT,pregnancy_intention_outcome
female_respondent,INSEM12M,demographics_social
female_respondent,INSCOVPG,demographics_social
female_respondent,TRYLONG2,pregnancy_fertility_history
female_respondent,UNIT_TRYLONG2,pregnancy_fertility_history
female_respondent,DIABETES,health_behavior
female_respondent,GESTDIAB,pregnancy_intention_outcome|health_behavior
female_respondent,UFTREAT_1,fertility_services_art
female_respondent,UFTREAT_2,fertility_services_art
female_respondent,UFTREAT_3,fertility_services_art
female_respondent,UFTREAT_4,fertility_services_art
female_respondent,UFTREAT_5,fertility_services_art
female_respondent,UFTREAT_6,fertility_services_art
female_respondent,ENDOTREAT_1,fertility_services_art
female_respondent,ENDOTREAT_2,fertility_services_art
female_respondent,ENDOTREAT_3,fertility_services_art
female_respondent,ENDOTREAT_4,fertility_services_art
female_respondent,ENDOTREAT_5,fertility_services_art
female_respondent,ENDOTREAT_6,fertility_services_art
female_respondent,ENDOTREAT_7,fertility_services_art
female_respondent,ENDOTREAT_8,fertility_services_art
female_respondent,MENSEXP_1,contraception_sexual
female_respondent,MENSEXP_2,contraception_sexual
female_respondent,MENSEXP_3,contraception_sexual
female_respondent,MENSBCAGE,demographics_social
female_respondent,AGEPELPAIN,demographics_social
female_respondent,AGECANCER,demographics_social
female_respondent,AGEMAMMR,demographics_social
female_respondent,PREGHIV,pregnancy_fertility_history
female_respondent,PARINSUR,demographics_social
female_respondent,BMIcat,health_behavior
female_respondent,SMK100,health_behavior
female_respondent,AGESMK,demographics_social|health_behavior
female_respondent,SMOKE30,health_behavior
female_respondent,VAGSEX,contraception_sexual
female_respondent,AGEVAGR,demographics_social
female_respondent,J_HADSEX,contraception_sexual
female_respondent,TIMING,pregnancy_intention_outcome
female_respondent,ANALSEX,contraception_sexual
female_respondent,OPPSEXANY,contraception_sexual
female_respondent,OPPSEXGEN,contraception_sexual
female_respondent,CONDSEXL,contraception_sexual
female_respondent,BISEXPRT,contraception_sexual
female_respondent,FEMSEX,contraception_sexual
female_respondent,SAMESEXANY,contraception_sexual
female_respondent,SAMESEX1,contraception_sexual
female_respondent,FEMMARRN,partnership_marriage
female_respondent,GENWARTS,fertility_services_art
female_respondent,SEXABUSE,contraception_sexual
female_respondent,LIVDRUGS,health_behavior
female_respondent,RACEDESCRIM,demographics_social
female_respondent,AGER,demographics_social
female_respondent,FMARITAL,partnership_marriage
female_respondent,RMARITAL,partnership_marriage
female_respondent,HIEDUC,demographics_social
female_respondent,HIEDUC_I,demographics_social|imputation_flags
female_respondent,HISPANIC,demographics_social
female_respondent,HISPANIC_I,demographics_social|imputation_flags
female_respondent,HISPRACE2,demographics_social
female_respondent,HISPRACE2_I,demographics_social|imputation_flags
female_respondent,HHPARTYP,partnership_marriage|fertility_services_art
female_respondent,HHKIDTYP,pregnancy_fertility_history
female_respondent,INTCTFAM_I,imputation_flags
female_respondent,PARAGE14,demographics_social
female_respondent,PARAGE14_I,demographics_social|imputation_flags
female_respondent,EDUCMOM,demographics_social
female_respondent,EDUCMOM_I,demographics_social|imputation_flags
female_respondent,AGEMOMB1,demographics_social
female_respondent,AGEMOMB1_I,demographics_social|imputation_flags
female_respondent,PREGNUM,pregnancy_fertility_history
female_respondent,PREGNUM_I,pregnancy_fertility_history|imputation_flags
female_respondent,COMPREG,pregnancy_fertility_history
female_respondent,LBPREGS,pregnancy_fertility_history
female_respondent,PARITY,pregnancy_fertility_history
female_respondent,BIRTHS5,pregnancy_fertility_history
female_respondent,AGEPRG1,demographics_social
female_respondent,AGEPRG2,demographics_social
female_respondent,AGEPRG3,demographics_social
female_respondent,AGEPRG4,demographics_social
female_respondent,AGEPRG5,demographics_social
female_respondent,AGEPRG6,demographics_social
female_respondent,AGEPRG7,demographics_social
female_respondent,AGEPRG8,demographics_social
female_respondent,AGEPRG9,demographics_social
female_respondent,AGEPRG10,demographics_social
female_respondent,AGEPRG11,demographics_social
female_respondent,AGEPRG12,demographics_social
female_respondent,AGEPRG13,demographics_social
female_respondent,AGEPRG14,demographics_social
female_respondent,AGEPRG15,demographics_social
female_respondent,AGEPRG16,demographics_social
female_respondent,AGECON1,demographics_social
female_respondent,AGECON2,demographics_social
female_respondent,AGECON3,demographics_social
female_respondent,AGECON4,demographics_social
female_respondent,AGECON5,demographics_social
female_respondent,AGECON6,demographics_social
female_respondent,AGECON7,demographics_social
female_respondent,AGECON8,demographics_social
female_respondent,AGECON9,demographics_social
female_respondent,AGECON10,demographics_social
female_respondent,AGECON11,demographics_social
female_respondent,AGECON12,demographics_social
female_respondent,AGECON13,demographics_social
female_respondent,AGECON14,demographics_social
female_respondent,AGECON15,demographics_social
female_respondent,AGECON16,demographics_social
female_respondent,agebaby1,demographics_social
female_respondent,FMARNO,partnership_marriage
female_respondent,CSPBIOKD_I,imputation_flags
female_respondent,MARDAT01,partnership_marriage
female_respondent,MARDAT01_I,partnership_marriage|imputation_flags
female_respondent,MARDAT02,partnership_marriage
female_respondent,MARDAT02_I,partnership_marriage|imputation_flags
female_respondent,MAREND01,partnership_marriage
female_respondent,MAREND01_I,partnership_marriage|imputation_flags
female_respondent,MAREND02,partnership_marriage
female_respondent,MAREND02_I,partnership_marriage|imputation_flags
female_respondent,MARDIS01,partnership_marriage
female_respondent,MARDIS01_I,partnership_marriage|imputation_flags
female_respondent,MARDIS02,partnership_marriage
female_respondent,MARDIS02_I,partnership_marriage|imputation_flags
female_respondent,FMAR1AGE,demographics_social|partnership_marriage
female_respondent,FMAR1AGE_I,demographics_social|partnership_marriage|imputation_flags
female_respondent,fmar2age,demographics_social|partnership_marriage
female_respondent,AGEDISS1,demographics_social
female_respondent,AGEDISS1_I,demographics_social|imputation_flags
female_respondent,AGEDD1,demographics_social
female_respondent,AGEDD1_I,demographics_social|imputation_flags
female_respondent,mar1diss,partnership_marriage
female_respondent,mar1bir1,partnership_marriage
female_respondent,mar1con1,partnership_marriage
female_respondent,con1mar1,partnership_marriage
female_respondent,b1premar,partnership_marriage
female_respondent,COHAB1,partnership_marriage
female_respondent,COHAB1_I,partnership_marriage|imputation_flags
female_respondent,COHSTAT_I,imputation_flags
female_respondent,COH1DUR_I,imputation_flags
female_respondent,HADSEX,contraception_sexual
female_respondent,SEXONCE,contraception_sexual
female_respondent,SEXONCE_I,contraception_sexual|imputation_flags
female_respondent,VRY1STSX_I,imputation_flags
female_respondent,sexmar,partnership_marriage|contraception_sexual
female_respondent,sexunion,contraception_sexual
female_respondent,FPDUR_I,imputation_flags
female_respondent,LSEXDATE,contraception_sexual
female_respondent,LSEXDATE_I,contraception_sexual|imputation_flags
female_respondent,lsexrage,demographics_social|contraception_sexual
female_respondent,lsexpreg,pregnancy_fertility_history|contraception_sexual
female_respondent,sex3mo,contraception_sexual
female_respondent,PARTS1YR,partnership_marriage|fertility_services_art
female_respondent,PARTS1YR_I,partnership_marriage|fertility_services_art|imputation_flags
female_respondent,PARTDUR1,partnership_marriage|fertility_services_art
female_respondent,PARTDUR2,partnership_marriage|fertility_services_art
female_respondent,PARTDUR3,partnership_marriage|fertility_services_art
female_respondent,PARTDUR1_I,partnership_marriage|fertility_services_art|imputation_flags
female_respondent,PARTDUR2_I,partnership_marriage|fertility_services_art|imputation_flags
female_respondent,PARTDUR3_I,partnership_marriage|fertility_services_art|imputation_flags
female_respondent,RELATP1,partnership_marriage
female_respondent,RELATP2,partnership_marriage
female_respondent,RELATP3,partnership_marriage
female_respondent,RELATP1_I,partnership_marriage|imputation_flags
female_respondent,RELATP2_I,partnership_marriage|imputation_flags
female_respondent,RELATP3_I,partnership_marriage|imputation_flags
female_respondent,LIFPRTNR_I,imputation_flags
female_respondent,NUMP3MOS_I,imputation_flags
female_respondent,ANYMTHD_I,imputation_flags
female_respondent,FECUND,pregnancy_fertility_history
female_respondent,FECUND_I,pregnancy_fertility_history|imputation_flags
female_respondent,NOSEX36,contraception_sexual
female_respondent,NOSEX12,contraception_sexual
female_respondent,NOSEX12_I,contraception_sexual|imputation_flags
female_respondent,INFERT,pregnancy_fertility_history|fertility_services_art
female_respondent,INFERT_I,pregnancy_fertility_history|fertility_services_art|imputation_flags
female_respondent,SEXP3MO,contraception_sexual
female_respondent,SEXP3MO_I,contraception_sexual|imputation_flags
female_respondent,CONSTAT1,contraception_sexual
female_respondent,CONSTAT2,contraception_sexual
female_respondent,CONSTAT3,contraception_sexual
female_respondent,CONSTAT4,contraception_sexual
female_respondent,CONSTAT1_I,contraception_sexual|imputation_flags
female_respondent,CONSTAT2_I,contraception_sexual|imputation_flags
female_respondent,CONSTAT3_I,contraception_sexual|imputation_flags
female_respondent,CONSTAT4_I,contraception_sexual|imputation_flags
female_respondent,SEX1MTHD1,contraception_sexual
female_respondent,SEX1MTHD2,contraception_sexual
female_respondent,SEX1MTHD3,contraception_sexual
female_respondent,SEX1MTHD4,contraception_sexual
female_respondent,SEX1MTHD1_I,contraception_sexual|imputation_flags
female_respondent,SEX1MTHD2_I,contraception_sexual|imputation_flags
female_respondent,SEX1MTHD3_I,contraception_sexual|imputation_flags
female_respondent,SEX1MTHD4_I,contraception_sexual|imputation_flags
female_respondent,METH12M1,contraception_sexual
female_respondent,METH12M2,contraception_sexual
female_respondent,METH12M3,contraception_sexual
female_respondent,METH12M4,contraception_sexual
female_respondent,METH12M1_I,contraception_sexual|imputation_flags
female_respondent,METH12M2_I,contraception_sexual|imputation_flags
female_respondent,METH12M3_I,contraception_sexual|imputation_flags
female_respondent,METH12M4_I,contraception_sexual|imputation_flags
female_respondent,METH3M1,contraception_sexual
female_respondent,METH3M2,contraception_sexual
female_respondent,METH3M3,contraception_sexual
female_respondent,METH3M4,contraception_sexual
female_respondent,METH3M1_I,contraception_sexual|imputation_flags
female_respondent,METH3M2_I,contraception_sexual|imputation_flags
female_respondent,METH3M3_I,contraception_sexual|imputation_flags
female_respondent,METH3M4_I,contraception_sexual|imputation_flags
female_respondent,DATEUSE1_I,imputation_flags
female_respondent,MAROUT1,partnership_marriage
female_respondent,MAROUT2,partnership_marriage
female_respondent,MAROUT3,partnership_marriage
female_respondent,MAROUT4,partnership_marriage
female_respondent,MAROUT5,partnership_marriage
female_respondent,MAROUT6,partnership_marriage
female_respondent,MAROUT7,partnership_marriage
female_respondent,MAROUT8,partnership_marriage
female_respondent,MAROUT9,partnership_marriage
female_respondent,MAROUT10,partnership_marriage
female_respondent,MAROUT11,partnership_marriage
female_respondent,MAROUT12,partnership_marriage
female_respondent,MAROUT13,partnership_marriage
female_respondent,MAROUT14,partnership_marriage
female_respondent,MAROUT15,partnership_marriage
female_respondent,MAROUT16,partnership_marriage
female_respondent,MARCON1,partnership_marriage
female_respondent,MARCON2,partnership_marriage
female_respondent,MARCON3,partnership_marriage
female_respondent,MARCON4,partnership_marriage
female_respondent,MARCON5,partnership_marriage
female_respondent,MARCON6,partnership_marriage
female_respondent,MARCON7,partnership_marriage
female_respondent,MARCON8,partnership_marriage
female_respondent,MARCON9,partnership_marriage
female_respondent,MARCON10,partnership_marriage
female_respondent,MARCON11,partnership_marriage
female_respondent,MARCON12,partnership_marriage
female_respondent,MARCON13,partnership_marriage
female_respondent,MARCON14,partnership_marriage
female_respondent,MARCON15,partnership_marriage
female_respondent,MARCON16,partnership_marriage
female_respondent,NWWANTRP1,pregnancy_intention_outcome
female_respondent,NWWANTRP2,pregnancy_intention_outcome
female_respondent,NWWANTRP3,pregnancy_intention_outcome
female_respondent,NWWANTRP4,pregnancy_intention_outcome
female_respondent,NWWANTRP5,pregnancy_intention_outcome
female_respondent,NWWANTRP6,pregnancy_intention_outcome
female_respondent,NWWANTRP7,pregnancy_intention_outcome
female_respondent,NWWANTRP8,pregnancy_intention_outcome
female_respondent,NWWANTRP9,pregnancy_intention_outcome
female_respondent,NWWANTRP10,pregnancy_intention_outcome
female_respondent,NWWANTRP11,pregnancy_intention_outcome
female_respondent,NWWANTRP12,pregnancy_intention_outcome
female_respondent,NWWANTRP13,pregnancy_intention_outcome
female_respondent,NWWANTRP14,pregnancy_intention_outcome
female_respondent,NWWANTRP15,pregnancy_intention_outcome
female_respondent,NWWANTRP16,pregnancy_intention_outcome
female_respondent,WANTRP1,pregnancy_intention_outcome
female_respondent,WANTRP2,pregnancy_intention_outcome
female_respondent,WANTRP3,pregnancy_intention_outcome
female_respondent,WANTRP4,pregnancy_intention_outcome
female_respondent,WANTRP5,pregnancy_intention_outcome
female_respondent,WANTRP6,pregnancy_intention_outcome
female_respondent,WANTRP7,pregnancy_intention_outcome
female_respondent,WANTRP8,pregnancy_intention_outcome
female_respondent,WANTRP9,pregnancy_intention_outcome
female_respondent,WANTRP10,pregnancy_intention_outcome
female_respondent,WANTRP11,pregnancy_intention_outcome
female_respondent,WANTRP12,pregnancy_intention_outcome
female_respondent,WANTRP13,pregnancy_intention_outcome
female_respondent,WANTRP14,pregnancy_intention_outcome
female_respondent,WANTRP15,pregnancy_intention_outcome
female_respondent,WANTRP16,pregnancy_intention_outcome
female_respondent,WANTP1,pregnancy_intention_outcome
female_respondent,WANTP2,pregnancy_intention_outcome
female_respondent,WANTP3,pregnancy_intention_outcome
female_respondent,WANTP4,pregnancy_intention_outcome
female_respondent,WANTP5,pregnancy_intention_outcome
female_respondent,WANTP6,pregnancy_intention_outcome
female_respondent,WANTP7,pregnancy_intention_outcome
female_respondent,WANTP8,pregnancy_intention_outcome
female_respondent,WANTP9,pregnancy_intention_outcome
female_respondent,WANTP10,pregnancy_intention_outcome
female_respondent,WANTP11,pregnancy_intention_outcome
female_respondent,WANTP12,pregnancy_intention_outcome
female_respondent,WANTP13,pregnancy_intention_outcome
female_respondent,WANTP14,pregnancy_intention_outcome
female_respondent,WANTP15,pregnancy_intention_outcome
female_respondent,WANTP16,pregnancy_intention_outcome
female_respondent,FPTITBC_I,imputation_flags
female_respondent,FPTITCHK_I,imputation_flags
female_respondent,FPTITCBC_I,imputation_flags
female_respondent,FPTITSTE_I,imputation_flags
female_respondent,FPTITCST_I,imputation_flags
female_respondent,FPTITEC_I,imputation_flags
female_respondent,FPTITCEC_I,imputation_flags
female_respondent,FPTITPRE_I,imputation_flags
female_respondent,FPTITPAP_I,imputation_flags
female_respondent,FPTITPEL_I,imputation_flags
female_respondent,FPTITPRN_I,imputation_flags
female_respondent,FPTITPPR_I,imputation_flags
female_respondent,FPTITSTD_I,imputation_flags
female_respondent,ADDEXP_I,imputation_flags
female_respondent,FPTITHIV_I,imputation_flags
female_respondent,CURR_INS,demographics_social
female_respondent,CURR_INS_I,demographics_social|imputation_flags
female_respondent,RELIGION,demographics_social
female_respondent,RELIGION_I,demographics_social|imputation_flags
female_respondent,LABORFOR,demographics_social
female_respondent,LABORFOR_I,demographics_social|imputation_flags
female_respondent,TOTINCR_I,imputation_flags
female_respondent,POVERTY,demographics_social
female_respondent,POVERTY_I,demographics_social|imputation_flags
female_respondent,METRO,demographics_social
female_respondent,WGT2022_2023,identity_design_weight
female_respondent,VEST,identity_design_weight
female_respondent,VECL,identity_design_weight
female_respondent,QUARTER,fertility_services_art
female_pregnancy,CaseID,identity_design_weight
female_pregnancy,PREGORDR,pregnancy_fertility_history
female_pregnancy,BORNALIV,pregnancy_intention_outcome
female_pregnancy,BABYSEX,contraception_sexual
female_pregnancy,BIRTHWGT,pregnancy_fertility_history|pregnancy_intention_outcome
female_pregnancy,PAYBIRTH1,pregnancy_fertility_history
female_pregnancy,PAYBIRTH2,pregnancy_fertility_history
female_pregnancy,PAYBIRTH3,pregnancy_fertility_history
female_pregnancy,AGEFATHER,demographics_social
female_pregnancy,KNEWPREG,pregnancy_fertility_history
female_pregnancy,PRIORSMK,health_behavior
female_pregnancy,POSTSMKS,health_behavior
female_pregnancy,KIDAGE,demographics_social|pregnancy_fertility_history
female_pregnancy,RECPREG5YR,pregnancy_fertility_history
female_pregnancy,RECPREG3YR,pregnancy_fertility_history
female_pregnancy,WHATMETH1,contraception_sexual
female_pregnancy,WHATMETH2,contraception_sexual
female_pregnancy,WHATMETH3,contraception_sexual
female_pregnancy,WHATMETH4,contraception_sexual
female_pregnancy,WANTBOLD,pregnancy_intention_outcome
female_pregnancy,TIMINGOK,pregnancy_intention_outcome
female_pregnancy,TOOSOON_N,pregnancy_intention_outcome
female_pregnancy,TOOSOON_P,pregnancy_intention_outcome
female_pregnancy,LATERNUM,pregnancy_intention_outcome
female_pregnancy,LATERMY,pregnancy_intention_outcome
female_pregnancy,WTHPART1,partnership_marriage|fertility_services_art
female_pregnancy,WTHPART2,partnership_marriage|fertility_services_art
female_pregnancy,TRYSCALE,pregnancy_fertility_history
female_pregnancy,WANTSCAL,pregnancy_intention_outcome
female_pregnancy,OUTCOME,pregnancy_intention_outcome
female_pregnancy,BIRTHORD,pregnancy_fertility_history
female_pregnancy,agepreg,demographics_social|pregnancy_fertility_history
female_pregnancy,GEST_LB,pregnancy_intention_outcome
female_pregnancy,GEST_OTHR,pregnancy_intention_outcome
female_pregnancy,GestImp,pregnancy_intention_outcome
female_pregnancy,agecon,demographics_social
female_pregnancy,pmarpreg,partnership_marriage|pregnancy_fertility_history
female_pregnancy,RMAROUT3,partnership_marriage
female_pregnancy,RMARCON3,partnership_marriage
female_pregnancy,NEWWANTR,pregnancy_intention_outcome
female_pregnancy,wantresp,pregnancy_intention_outcome
female_pregnancy,WANTPART,partnership_marriage|fertility_services_art|pregnancy_intention_outcome
female_pregnancy,AGER,demographics_social
female_pregnancy,AGESCRN,demographics_social
female_pregnancy,FMARITAL,partnership_marriage
female_pregnancy,RMARITAL,partnership_marriage
female_pregnancy,HIEDUC,demographics_social
female_pregnancy,HISPANIC,demographics_social
female_pregnancy,HISPRACE2,demographics_social
female_pregnancy,PREGNUM,pregnancy_fertility_history
female_pregnancy,PARITY,pregnancy_fertility_history
female_pregnancy,CURR_INS,demographics_social
female_pregnancy,POVERTY,demographics_social
female_pregnancy,LABORFOR,demographics_social
female_pregnancy,RELIGION,demographics_social
female_pregnancy,METRO,demographics_social
female_pregnancy,OUTCOME_I,pregnancy_intention_outcome|imputation_flags
female_pregnancy,DATEND_I,imputation_flags
female_pregnancy,PRGLNGTH_I,imputation_flags
female_pregnancy,DATECON_I,imputation_flags
female_pregnancy,BFEEDWKS_I,imputation_flags
female_pregnancy,RMAROUT3_I,partnership_marriage|imputation_flags
female_pregnancy,RMARCON3_I,partnership_marriage|imputation_flags
female_pregnancy,NEWWANTR_I,pregnancy_intention_outcome|imputation_flags
female_pregnancy,WANTPART_I,partnership_marriage|fertility_services_art|pregnancy_intention_outcome|imputation_flags
female_pregnancy,HIEDUC_I,demographics_social|imputation_flags
female_pregnancy,HISPANIC_I,demographics_social|imputation_flags
female_pregnancy,HISPRACE2_I,demographics_social|imputation_flags
female_pregnancy,PREGNUM_I,pregnancy_fertility_history|imputation_flags
female_pregnancy,CURR_INS_I,demographics_social|imputation_flags
female_pregnancy,POVERTY_I,demographics_social|imputation_flags
female_pregnancy,LABORFOR_I,demographics_social|imputation_flags
female_pregnancy,RELIGION_I,demographics_social|imputation_flags
female_pregnancy,WGT2022_2023,identity_design_weight
female_pregnancy,VEST,identity_design_weight
female_pregnancy,VECL,identity_design_weight
female_pregnancy,QUARTER,fertility_services_art
